<?xml version="1.0" encoding="utf-8"?>
<extension type="component" version="3.0" method="upgrade">
	<name>Art Adminer</name>
	<author>artetics.com</author>
	<creationDate>August 2009</creationDate>
	<copyright>Copyright (C) 2009 artetics.com. All rights reserved.</copyright>
	<license>GPL</license>
	<authorEmail>info@artetics.com</authorEmail>
	<authorUrl>www.artetics.com</authorUrl>
	<version>1.6.2</version>
	<description><![CDATA[Art Adminer - Smart Joomla! database tool.<br /><br />&copy;&nbsp;<a href="http://www.artetics.com">Artetics.com</a> - Start Point For Your Website.]]></description>
	<installfile>install.artadminer.php</installfile>
	<uninstallfile>uninstall.artadminer.php</uninstallfile> 
  <install>
    <sql>
        <file driver="mysql" charset="utf8">sql/install.mysql.utf8.sql</file>
      </sql>
    </install>
    <uninstall>
      <sql>
        <file driver="mysql" charset="utf8">sql/uninstall.mysql.utf8.sql</file>
      </sql>
  </uninstall>
    <files>
      <folder>sql</folder>
    </files>
	<administration>
		<menu task="adminer">ArtAdminer</menu>
	    <submenu>
	    	<menu task="adminer">Adminer</menu>
	    	<!--<menu task="settings">Settings</menu>-->
	    </submenu>
		<files folder="admin">
			<filename>install.artadminer.php</filename>
			<filename>uninstall.artadminer.php</filename>
			<filename>artadminer.php</filename>
			<filename>admin.artadminer.html.php</filename>
			<filename>controller.php</filename>
			<filename>database/artadminer_setting.php</filename>
			<filename>images/artetics_logo.png</filename>
			<filename>adminer.php</filename>
			<filename>css/adminer1.css</filename>
			<filename>css/adminer2.css</filename>
			<filename>css/adminer3.css</filename>
			<folder>sql</folder>
			<folder>adminer</folder>
			<folder>plugins</folder>
		</files>
    <install>
      <sql>
        <file driver="mysql" charset="utf8">sql/install.mysql.utf8.sql</file>
      </sql>
    </install>
    <uninstall>
      <sql>
        <file driver="mysql" charset="utf8">sql/uninstall.mysql.utf8.sql</file>
      </sql>
    </uninstall>
    <uninstall>
    </uninstall>
	</administration>
</extension>